<?xml version="1.0" encoding="UTF-8"?>
<project-private xmlns="http://www.netbeans.org/ns/project-private/1">
    <editor-bookmarks xmlns="http://www.netbeans.org/ns/editor-bookmarks/2" lastBookmarkId="0"/>
    <open-files xmlns="http://www.netbeans.org/ns/projectui-open-files/2">
        <group name="Calser">
            <file>file:/C:/Users/williamrodriguez/Documents/NetBeansProjects/Nueva%20carpeta/Example1/web/index.xhtml</file>
            <file>file:/C:/Users/williamrodriguez/Documents/NetBeansProjects/Nueva%20carpeta/Example1/src/java/probando.java</file>
        </group>
    </open-files>
</project-private>
